nuser1_byte receive_11_01.png,0,0
nuser2_byte receive_11_01.png,0,0
nuser3_byte receive_11_01.png,0,0
nuser4_byte receive_11_01.png,0,0
nuser5_byte receive_11_01.png,0,0
nuser6_byte receive_11_01.png,0,0
nuser7_byte receive_11_01.png,0,0
nuser8_byte receive_11_01.png,0,0
nuser1_appearance_11_01.png,1,0
nuser2_appearance_11_01.png,1,0
nuser3_appearance_11_01.png,1,0
nuser4_appearance_11_01.png,1,0
nuser5_appearance_11_01.png,1,0
nuser6_appearance_11_01.png,1,0
nuser7_appearance_11_01.png,1,0
nuser8_appearance_11_01.png,1,0
nuser1_byte send_11_01.png,2,0
nuser2_byte send_11_01.png,2,0
nuser3_byte send_11_01.png,2,0
nuser4_byte send_11_01.png,2,0
nuser5_byte send_11_01.png,2,0
nuser6_byte send_11_01.png,2,0
nuser7_byte send_11_01.png,2,0
nuser8_byte send_11_01.png,2,0
nuser1_byte receive_11_02.png,0,0
nuser2_byte receive_11_02.png,0,0
nuser3_byte receive_11_02.png,0,0
nuser4_byte receive_11_02.png,0,0
nuser5_byte receive_11_02.png,0,0
nuser6_byte receive_11_02.png,0,0
nuser7_byte receive_11_02.png,0,0
nuser8_byte receive_11_02.png,0,0
nuser1_appearance_11_02.png,1,0
nuser2_appearance_11_02.png,1,0
nuser3_appearance_11_02.png,1,0
nuser4_appearance_11_02.png,1,0
nuser5_appearance_11_02.png,1,0
nuser6_appearance_11_02.png,1,0
nuser7_appearance_11_02.png,1,0
nuser8_appearance_11_02.png,1,0
nuser1_byte send_11_02.png,2,0
nuser2_byte send_11_02.png,2,0
nuser3_byte send_11_02.png,2,0
nuser4_byte send_11_02.png,2,0
nuser5_byte send_11_02.png,2,0
nuser6_byte send_11_02.png,2,0
nuser7_byte send_11_02.png,2,0
nuser8_byte send_11_02.png,2,0
nuser1_byte receive_11_03.png,0,0
nuser2_byte receive_11_03.png,0,0
nuser3_byte receive_11_03.png,0,0
nuser4_byte receive_11_03.png,0,0
nuser5_byte receive_11_03.png,0,0
nuser6_byte receive_11_03.png,0,0
nuser7_byte receive_11_03.png,0,0
nuser8_byte receive_11_03.png,0,0
nuser1_appearance_11_03.png,1,0
nuser2_appearance_11_03.png,1,0
nuser3_appearance_11_03.png,1,0
nuser4_appearance_11_03.png,1,0
nuser5_appearance_11_03.png,1,0
nuser6_appearance_11_03.png,1,0
nuser7_appearance_11_03.png,1,0
nuser8_appearance_11_03.png,1,0
nuser1_byte send_11_03.png,2,0
nuser2_byte send_11_03.png,2,0
nuser3_byte send_11_03.png,2,0
nuser4_byte send_11_03.png,2,0
nuser5_byte send_11_03.png,2,0
nuser6_byte send_11_03.png,2,0
nuser7_byte send_11_03.png,2,0
nuser8_byte send_11_03.png,2,0
nuser1_byte receive_11_04.png,0,0
nuser2_byte receive_11_04.png,0,0
nuser3_byte receive_11_04.png,0,0
nuser4_byte receive_11_04.png,0,0
nuser5_byte receive_11_04.png,0,0
nuser6_byte receive_11_04.png,0,0
nuser8_byte receive_11_04.png,0,0
nuser1_appearance_11_04.png,1,0
nuser2_appearance_11_04.png,1,0
nuser3_appearance_11_04.png,1,0
nuser4_appearance_11_04.png,1,0
nuser5_appearance_11_04.png,1,0
nuser6_appearance_11_04.png,1,0
nuser8_appearance_11_04.png,1,0
nuser1_byte send_11_04.png,2,0
nuser2_byte send_11_04.png,2,0
nuser3_byte send_11_04.png,2,0
nuser4_byte send_11_04.png,2,0
nuser5_byte send_11_04.png,2,0
nuser6_byte send_11_04.png,2,0
nuser8_byte send_11_04.png,2,0
nuser1_byte receive_11_05.png,0,0
nuser2_byte receive_11_05.png,0,0
nuser3_byte receive_11_05.png,0,0
nuser4_byte receive_11_05.png,0,0
nuser5_byte receive_11_05.png,0,0
nuser6_byte receive_11_05.png,0,0
nuser8_byte receive_11_05.png,0,0
nuser1_appearance_11_05.png,1,0
nuser2_appearance_11_05.png,1,0
nuser3_appearance_11_05.png,1,0
nuser4_appearance_11_05.png,1,0
nuser5_appearance_11_05.png,1,0
nuser6_appearance_11_05.png,1,0
nuser8_appearance_11_05.png,1,0
nuser1_byte send_11_05.png,2,0
nuser2_byte send_11_05.png,2,0
nuser3_byte send_11_05.png,2,0
nuser4_byte send_11_05.png,2,0
nuser5_byte send_11_05.png,2,0
nuser6_byte send_11_05.png,2,0
nuser8_byte send_11_05.png,2,0
nuser1_byte receive_11_06.png,0,0
nuser2_byte receive_11_06.png,0,0
nuser3_byte receive_11_06.png,0,0
nuser4_byte receive_11_06.png,0,0
nuser5_byte receive_11_06.png,0,0
nuser6_byte receive_11_06.png,0,0
nuser7_byte receive_11_06.png,0,0
nuser8_byte receive_11_06.png,0,0
nuser1_appearance_11_06.png,1,0
nuser2_appearance_11_06.png,1,0
nuser3_appearance_11_06.png,1,0
nuser4_appearance_11_06.png,1,0
nuser5_appearance_11_06.png,1,0
nuser6_appearance_11_06.png,1,0
nuser7_appearance_11_06.png,1,0
nuser8_appearance_11_06.png,1,0
nuser1_byte send_11_06.png,2,0
nuser2_byte send_11_06.png,2,0
nuser3_byte send_11_06.png,2,0
nuser4_byte send_11_06.png,2,0
nuser5_byte send_11_06.png,2,0
nuser6_byte send_11_06.png,2,0
nuser7_byte send_11_06.png,2,0
nuser8_byte send_11_06.png,2,0
nuser1_byte receive_11_07.png,0,0
nuser2_byte receive_11_07.png,0,0
nuser3_byte receive_11_07.png,0,0
nuser4_byte receive_11_07.png,0,0
nuser5_byte receive_11_07.png,0,0
nuser6_byte receive_11_07.png,0,0
nuser7_byte receive_11_07.png,0,0
nuser8_byte receive_11_07.png,0,0
nuser1_appearance_11_07.png,1,0
nuser2_appearance_11_07.png,1,0
nuser3_appearance_11_07.png,1,0
nuser4_appearance_11_07.png,1,0
nuser5_appearance_11_07.png,1,0
nuser6_appearance_11_07.png,1,0
nuser7_appearance_11_07.png,1,0
nuser8_appearance_11_07.png,1,0
nuser1_byte send_11_07.png,2,0
nuser2_byte send_11_07.png,2,0
nuser3_byte send_11_07.png,2,0
nuser4_byte send_11_07.png,2,0
nuser5_byte send_11_07.png,2,0
nuser6_byte send_11_07.png,2,0
nuser7_byte send_11_07.png,2,0
nuser8_byte send_11_07.png,2,0
nuser1_byte receive_11_08.png,0,0
nuser2_byte receive_11_08.png,0,0
nuser3_byte receive_11_08.png,0,0
nuser4_byte receive_11_08.png,0,0
nuser5_byte receive_11_08.png,0,0
nuser6_byte receive_11_08.png,0,0
nuser7_byte receive_11_08.png,0,0
nuser1_appearance_11_08.png,1,0
nuser2_appearance_11_08.png,1,0
nuser3_appearance_11_08.png,1,0
nuser4_appearance_11_08.png,1,0
nuser5_appearance_11_08.png,1,0
nuser6_appearance_11_08.png,1,0
nuser7_appearance_11_08.png,1,0
nuser1_byte send_11_08.png,2,0
nuser2_byte send_11_08.png,2,0
nuser3_byte send_11_08.png,2,0
nuser4_byte send_11_08.png,2,0
nuser5_byte send_11_08.png,2,0
nuser6_byte send_11_08.png,2,0
nuser7_byte send_11_08.png,2,0
nuser1_byte receive_11_09.png,0,0
nuser2_byte receive_11_09.png,0,0
nuser3_byte receive_11_09.png,0,0
nuser4_byte receive_11_09.png,0,0
nuser5_byte receive_11_09.png,0,0
nuser6_byte receive_11_09.png,0,0
nuser7_byte receive_11_09.png,0,0
nuser8_byte receive_11_09.png,0,0
nuser1_appearance_11_09.png,1,0
nuser2_appearance_11_09.png,1,0
nuser3_appearance_11_09.png,1,0
nuser4_appearance_11_09.png,1,0
nuser5_appearance_11_09.png,1,0
nuser6_appearance_11_09.png,1,0
nuser7_appearance_11_09.png,1,0
nuser8_appearance_11_09.png,1,0
nuser1_byte send_11_09.png,2,0
nuser2_byte send_11_09.png,2,0
nuser3_byte send_11_09.png,2,0
nuser4_byte send_11_09.png,2,0
nuser5_byte send_11_09.png,2,0
nuser6_byte send_11_09.png,2,0
nuser7_byte send_11_09.png,2,0
nuser8_byte send_11_09.png,2,0
nuser1_byte receive_11_10.png,0,0
nuser2_byte receive_11_10.png,0,0
nuser3_byte receive_11_10.png,0,0
nuser4_byte receive_11_10.png,0,0
nuser5_byte receive_11_10.png,0,0
nuser6_byte receive_11_10.png,0,0
nuser7_byte receive_11_10.png,0,0
nuser8_byte receive_11_10.png,0,0
nuser1_appearance_11_10.png,1,0
nuser2_appearance_11_10.png,1,0
nuser3_appearance_11_10.png,1,0
nuser4_appearance_11_10.png,1,0
nuser5_appearance_11_10.png,1,0
nuser6_appearance_11_10.png,1,0
nuser7_appearance_11_10.png,1,0
nuser8_appearance_11_10.png,1,0
nuser1_byte send_11_10.png,2,0
nuser2_byte send_11_10.png,2,0
nuser3_byte send_11_10.png,2,0
nuser4_byte send_11_10.png,2,0
nuser5_byte send_11_10.png,2,0
nuser6_byte send_11_10.png,2,0
nuser7_byte send_11_10.png,2,0
nuser8_byte send_11_10.png,2,0
nuser1_byte receive_11_11.png,0,0
nuser2_byte receive_11_11.png,0,0
nuser3_byte receive_11_11.png,0,0
nuser4_byte receive_11_11.png,0,0
nuser5_byte receive_11_11.png,0,0
nuser6_byte receive_11_11.png,0,0
nuser7_byte receive_11_11.png,0,0
nuser8_byte receive_11_11.png,0,0
nuser1_appearance_11_11.png,1,0
nuser2_appearance_11_11.png,1,0
nuser3_appearance_11_11.png,1,0
nuser4_appearance_11_11.png,1,0
nuser5_appearance_11_11.png,1,0
nuser6_appearance_11_11.png,1,0
nuser7_appearance_11_11.png,1,0
nuser8_appearance_11_11.png,1,0
nuser1_byte send_11_11.png,2,0
nuser2_byte send_11_11.png,2,0
nuser3_byte send_11_11.png,2,0
nuser4_byte send_11_11.png,2,0
nuser5_byte send_11_11.png,2,0
nuser6_byte send_11_11.png,2,0
nuser7_byte send_11_11.png,2,0
nuser8_byte send_11_11.png,2,0
nuser1_byte receive_11_12.png,0,0
nuser2_byte receive_11_12.png,0,0
nuser3_byte receive_11_12.png,0,0
nuser4_byte receive_11_12.png,0,0
nuser5_byte receive_11_12.png,0,0
nuser6_byte receive_11_12.png,0,0
nuser7_byte receive_11_12.png,0,0
nuser8_byte receive_11_12.png,0,0
nuser1_appearance_11_12.png,1,0
nuser2_appearance_11_12.png,1,0
nuser3_appearance_11_12.png,1,0
nuser4_appearance_11_12.png,1,0
nuser5_appearance_11_12.png,1,0
nuser6_appearance_11_12.png,1,0
nuser7_appearance_11_12.png,1,0
nuser8_appearance_11_12.png,1,0
nuser1_byte send_11_12.png,2,0
nuser2_byte send_11_12.png,2,0
nuser3_byte send_11_12.png,2,0
nuser4_byte send_11_12.png,2,0
nuser5_byte send_11_12.png,2,0
nuser6_byte send_11_12.png,2,0
nuser7_byte send_11_12.png,2,0
nuser8_byte send_11_12.png,2,0
nuser1_byte receive_11_13.png,0,0
nuser2_byte receive_11_13.png,0,0
nuser3_byte receive_11_13.png,0,0
nuser4_byte receive_11_13.png,0,0
nuser5_byte receive_11_13.png,0,0
nuser6_byte receive_11_13.png,0,0
nuser7_byte receive_11_13.png,0,0
nuser8_byte receive_11_13.png,0,0
nuser1_appearance_11_13.png,1,0
nuser2_appearance_11_13.png,1,0
nuser3_appearance_11_13.png,1,0
nuser4_appearance_11_13.png,1,0
nuser5_appearance_11_13.png,1,0
nuser6_appearance_11_13.png,1,0
nuser7_appearance_11_13.png,1,0
nuser8_appearance_11_13.png,1,0
nuser1_byte send_11_13.png,2,0
nuser2_byte send_11_13.png,2,0
nuser3_byte send_11_13.png,2,0
nuser4_byte send_11_13.png,2,0
nuser5_byte send_11_13.png,2,0
nuser6_byte send_11_13.png,2,0
nuser7_byte send_11_13.png,2,0
nuser8_byte send_11_13.png,2,0
nuser1_byte receive_11_14.png,0,0
nuser2_byte receive_11_14.png,0,0
nuser3_byte receive_11_14.png,0,0
nuser4_byte receive_11_14.png,0,0
nuser5_byte receive_11_14.png,0,0
nuser6_byte receive_11_14.png,0,0
nuser7_byte receive_11_14.png,0,0
nuser8_byte receive_11_14.png,0,0
nuser1_appearance_11_14.png,1,0
nuser2_appearance_11_14.png,1,0
nuser3_appearance_11_14.png,1,0
nuser4_appearance_11_14.png,1,0
nuser5_appearance_11_14.png,1,0
nuser6_appearance_11_14.png,1,0
nuser7_appearance_11_14.png,1,0
nuser8_appearance_11_14.png,1,0
nuser1_byte send_11_14.png,2,0
nuser2_byte send_11_14.png,2,0
nuser3_byte send_11_14.png,2,0
nuser4_byte send_11_14.png,2,0
nuser5_byte send_11_14.png,2,0
nuser6_byte send_11_14.png,2,0
nuser7_byte send_11_14.png,2,0
nuser8_byte send_11_14.png,2,0
nuser1_byte receive_11_15.png,0,0
nuser2_byte receive_11_15.png,0,0
nuser3_byte receive_11_15.png,0,0
nuser4_byte receive_11_15.png,0,0
nuser5_byte receive_11_15.png,0,0
nuser6_byte receive_11_15.png,0,0
nuser7_byte receive_11_15.png,0,0
nuser8_byte receive_11_15.png,0,0
nuser1_appearance_11_15.png,1,0
nuser2_appearance_11_15.png,1,0
nuser3_appearance_11_15.png,1,0
nuser4_appearance_11_15.png,1,0
nuser5_appearance_11_15.png,1,0
nuser6_appearance_11_15.png,1,0
nuser7_appearance_11_15.png,1,0
nuser8_appearance_11_15.png,1,0
nuser1_byte send_11_15.png,2,0
nuser2_byte send_11_15.png,2,0
nuser3_byte send_11_15.png,2,0
nuser4_byte send_11_15.png,2,0
nuser5_byte send_11_15.png,2,0
nuser6_byte send_11_15.png,2,0
nuser7_byte send_11_15.png,2,0
nuser8_byte send_11_15.png,2,0
nuser1_byte receive_11_16.png,0,0
nuser2_byte receive_11_16.png,0,0
nuser3_byte receive_11_16.png,0,0
nuser4_byte receive_11_16.png,0,0
nuser5_byte receive_11_16.png,0,0
nuser6_byte receive_11_16.png,0,0
nuser7_byte receive_11_16.png,0,0
nuser8_byte receive_11_16.png,0,0
nuser1_appearance_11_16.png,1,0
nuser2_appearance_11_16.png,1,0
nuser3_appearance_11_16.png,1,0
nuser4_appearance_11_16.png,1,0
nuser5_appearance_11_16.png,1,0
nuser6_appearance_11_16.png,1,0
nuser7_appearance_11_16.png,1,0
nuser8_appearance_11_16.png,1,0
nuser1_byte send_11_16.png,2,0
nuser2_byte send_11_16.png,2,0
nuser3_byte send_11_16.png,2,0
nuser4_byte send_11_16.png,2,0
nuser5_byte send_11_16.png,2,0
nuser6_byte send_11_16.png,2,0
nuser7_byte send_11_16.png,2,0
nuser8_byte send_11_16.png,2,0
nuser1_byte receive_11_17.png,0,0
nuser2_byte receive_11_17.png,0,0
nuser3_byte receive_11_17.png,0,0
nuser4_byte receive_11_17.png,0,0
nuser5_byte receive_11_17.png,0,0
nuser6_byte receive_11_17.png,0,0
nuser7_byte receive_11_17.png,0,0
nuser8_byte receive_11_17.png,0,0
nuser1_appearance_11_17.png,1,0
nuser2_appearance_11_17.png,1,0
nuser3_appearance_11_17.png,1,0
nuser4_appearance_11_17.png,1,0
nuser5_appearance_11_17.png,1,0
nuser6_appearance_11_17.png,1,0
nuser7_appearance_11_17.png,1,0
nuser8_appearance_11_17.png,1,0
nuser1_byte send_11_17.png,2,0
nuser2_byte send_11_17.png,2,0
nuser3_byte send_11_17.png,2,0
nuser4_byte send_11_17.png,2,0
nuser5_byte send_11_17.png,2,0
nuser6_byte send_11_17.png,2,0
nuser7_byte send_11_17.png,2,0
nuser8_byte send_11_17.png,2,0
nuser1_byte receive_11_18.png,0,0
nuser2_byte receive_11_18.png,0,0
nuser3_byte receive_11_18.png,0,0
nuser4_byte receive_11_18.png,0,0
nuser5_byte receive_11_18.png,0,0
nuser6_byte receive_11_18.png,0,0
nuser7_byte receive_11_18.png,0,0
nuser8_byte receive_11_18.png,0,0
nuser1_appearance_11_18.png,1,0
nuser2_appearance_11_18.png,1,0
nuser3_appearance_11_18.png,1,0
nuser4_appearance_11_18.png,1,0
nuser5_appearance_11_18.png,1,0
nuser6_appearance_11_18.png,1,0
nuser7_appearance_11_18.png,1,0
nuser8_appearance_11_18.png,1,0
nuser1_byte send_11_18.png,2,0
nuser2_byte send_11_18.png,2,0
nuser3_byte send_11_18.png,2,0
nuser4_byte send_11_18.png,2,0
nuser5_byte send_11_18.png,2,0
nuser6_byte send_11_18.png,2,0
nuser7_byte send_11_18.png,2,0
nuser8_byte send_11_18.png,2,0
nuser1_byte receive_11_19.png,0,0
nuser2_byte receive_11_19.png,0,0
nuser3_byte receive_11_19.png,0,0
nuser4_byte receive_11_19.png,0,0
nuser5_byte receive_11_19.png,0,0
nuser6_byte receive_11_19.png,0,0
nuser7_byte receive_11_19.png,0,0
nuser8_byte receive_11_19.png,0,0
nuser1_appearance_11_19.png,1,0
nuser2_appearance_11_19.png,1,0
nuser3_appearance_11_19.png,1,0
nuser4_appearance_11_19.png,1,0
nuser5_appearance_11_19.png,1,0
nuser6_appearance_11_19.png,1,0
nuser7_appearance_11_19.png,1,0
nuser8_appearance_11_19.png,1,0
nuser1_byte send_11_19.png,2,0
nuser2_byte send_11_19.png,2,0
nuser3_byte send_11_19.png,2,0
nuser4_byte send_11_19.png,2,0
nuser5_byte send_11_19.png,2,0
nuser6_byte send_11_19.png,2,0
nuser7_byte send_11_19.png,2,0
nuser8_byte send_11_19.png,2,0
nuser1_byte receive_11_20.png,0,0
nuser2_byte receive_11_20.png,0,0
nuser3_byte receive_11_20.png,0,0
nuser4_byte receive_11_20.png,0,0
nuser5_byte receive_11_20.png,0,0
nuser6_byte receive_11_20.png,0,0
nuser7_byte receive_11_20.png,0,0
nuser8_byte receive_11_20.png,0,0
nuser1_appearance_11_20.png,1,0
nuser2_appearance_11_20.png,1,0
nuser3_appearance_11_20.png,1,0
nuser4_appearance_11_20.png,1,0
nuser5_appearance_11_20.png,1,0
nuser6_appearance_11_20.png,1,0
nuser7_appearance_11_20.png,1,0
nuser8_appearance_11_20.png,1,0
nuser1_byte send_11_20.png,2,0
nuser2_byte send_11_20.png,2,0
nuser3_byte send_11_20.png,2,0
nuser4_byte send_11_20.png,2,0
nuser5_byte send_11_20.png,2,0
nuser6_byte send_11_20.png,2,0
nuser7_byte send_11_20.png,2,0
nuser8_byte send_11_20.png,2,0
nuser1_byte receive_11_21.png,0,0
nuser2_byte receive_11_21.png,0,0
nuser3_byte receive_11_21.png,0,0
nuser4_byte receive_11_21.png,0,0
nuser5_byte receive_11_21.png,0,0
nuser6_byte receive_11_21.png,0,0
nuser7_byte receive_11_21.png,0,0
nuser8_byte receive_11_21.png,0,0
nuser1_appearance_11_21.png,1,0
nuser2_appearance_11_21.png,1,0
nuser3_appearance_11_21.png,1,0
nuser4_appearance_11_21.png,1,0
nuser5_appearance_11_21.png,1,0
nuser6_appearance_11_21.png,1,0
nuser7_appearance_11_21.png,1,0
nuser8_appearance_11_21.png,1,0
nuser1_byte send_11_21.png,2,0
nuser2_byte send_11_21.png,2,0
nuser3_byte send_11_21.png,2,0
nuser4_byte send_11_21.png,2,0
nuser5_byte send_11_21.png,2,0
nuser6_byte send_11_21.png,2,0
nuser7_byte send_11_21.png,2,0
nuser8_byte send_11_21.png,2,0
nuser1_byte receive_11_22.png,0,0
nuser2_byte receive_11_22.png,0,0
nuser3_byte receive_11_22.png,0,0
nuser4_byte receive_11_22.png,0,0
nuser5_byte receive_11_22.png,0,0
nuser6_byte receive_11_22.png,0,0
nuser7_byte receive_11_22.png,0,0
nuser8_byte receive_11_22.png,0,0
nuser1_appearance_11_22.png,1,0
nuser2_appearance_11_22.png,1,0
nuser3_appearance_11_22.png,1,0
nuser4_appearance_11_22.png,1,0
nuser5_appearance_11_22.png,1,0
nuser6_appearance_11_22.png,1,0
nuser7_appearance_11_22.png,1,0
nuser8_appearance_11_22.png,1,0
nuser1_byte send_11_22.png,2,0
nuser2_byte send_11_22.png,2,0
nuser3_byte send_11_22.png,2,0
nuser4_byte send_11_22.png,2,0
nuser5_byte send_11_22.png,2,0
nuser6_byte send_11_22.png,2,0
nuser7_byte send_11_22.png,2,0
nuser8_byte send_11_22.png,2,0
nuser1_byte receive_11_23.png,0,0
nuser2_byte receive_11_23.png,0,0
nuser3_byte receive_11_23.png,0,0
nuser4_byte receive_11_23.png,0,0
nuser5_byte receive_11_23.png,0,0
nuser6_byte receive_11_23.png,0,0
nuser7_byte receive_11_23.png,0,0
nuser8_byte receive_11_23.png,0,0
nuser1_appearance_11_23.png,1,0
nuser2_appearance_11_23.png,1,0
nuser3_appearance_11_23.png,1,0
nuser4_appearance_11_23.png,1,0
nuser5_appearance_11_23.png,1,0
nuser6_appearance_11_23.png,1,0
nuser7_appearance_11_23.png,1,0
nuser8_appearance_11_23.png,1,0
nuser1_byte send_11_23.png,2,0
nuser2_byte send_11_23.png,2,0
nuser3_byte send_11_23.png,2,0
nuser4_byte send_11_23.png,2,0
nuser5_byte send_11_23.png,2,0
nuser6_byte send_11_23.png,2,0
nuser7_byte send_11_23.png,2,0
nuser8_byte send_11_23.png,2,0
nuser1_byte receive_11_24.png,0,0
nuser2_byte receive_11_24.png,0,0
nuser3_byte receive_11_24.png,0,0
nuser4_byte receive_11_24.png,0,0
nuser5_byte receive_11_24.png,0,0
nuser6_byte receive_11_24.png,0,0
nuser7_byte receive_11_24.png,0,0
nuser8_byte receive_11_24.png,0,0
nuser1_appearance_11_24.png,1,0
nuser2_appearance_11_24.png,1,0
nuser3_appearance_11_24.png,1,0
nuser4_appearance_11_24.png,1,0
nuser5_appearance_11_24.png,1,0
nuser6_appearance_11_24.png,1,0
nuser7_appearance_11_24.png,1,0
nuser8_appearance_11_24.png,1,0
nuser1_byte send_11_24.png,2,0
nuser2_byte send_11_24.png,2,0
nuser3_byte send_11_24.png,2,0
nuser4_byte send_11_24.png,2,0
nuser5_byte send_11_24.png,2,0
nuser6_byte send_11_24.png,2,0
nuser7_byte send_11_24.png,2,0
nuser8_byte send_11_24.png,2,0
nuser1_byte receive_11_25.png,0,0
nuser2_byte receive_11_25.png,0,0
nuser3_byte receive_11_25.png,0,0
nuser4_byte receive_11_25.png,0,0
nuser5_byte receive_11_25.png,0,0
nuser6_byte receive_11_25.png,0,0
nuser7_byte receive_11_25.png,0,0
nuser8_byte receive_11_25.png,0,0
nuser1_appearance_11_25.png,1,0
nuser2_appearance_11_25.png,1,0
nuser3_appearance_11_25.png,1,0
nuser4_appearance_11_25.png,1,0
nuser5_appearance_11_25.png,1,0
nuser6_appearance_11_25.png,1,0
nuser7_appearance_11_25.png,1,0
nuser8_appearance_11_25.png,1,0
nuser1_byte send_11_25.png,2,0
nuser2_byte send_11_25.png,2,0
nuser3_byte send_11_25.png,2,0
nuser4_byte send_11_25.png,2,0
nuser5_byte send_11_25.png,2,0
nuser6_byte send_11_25.png,2,0
nuser7_byte send_11_25.png,2,0
nuser8_byte send_11_25.png,2,0
nuser1_byte receive_11_26.png,0,0
nuser2_byte receive_11_26.png,0,0
nuser3_byte receive_11_26.png,0,0
nuser4_byte receive_11_26.png,0,0
nuser5_byte receive_11_26.png,0,0
nuser6_byte receive_11_26.png,0,0
nuser7_byte receive_11_26.png,0,0
nuser8_byte receive_11_26.png,0,0
nuser1_appearance_11_26.png,1,0
nuser2_appearance_11_26.png,1,0
nuser3_appearance_11_26.png,1,0
nuser4_appearance_11_26.png,1,0
nuser5_appearance_11_26.png,1,0
nuser6_appearance_11_26.png,1,0
nuser7_appearance_11_26.png,1,0
nuser8_appearance_11_26.png,1,0
nuser1_byte send_11_26.png,2,0
nuser2_byte send_11_26.png,2,0
nuser3_byte send_11_26.png,2,0
nuser4_byte send_11_26.png,2,0
nuser5_byte send_11_26.png,2,0
nuser6_byte send_11_26.png,2,0
nuser7_byte send_11_26.png,2,0
nuser8_byte send_11_26.png,2,0
nuser1_byte receive_11_27.png,0,0
nuser2_byte receive_11_27.png,0,0
nuser3_byte receive_11_27.png,0,0
nuser4_byte receive_11_27.png,0,0
nuser5_byte receive_11_27.png,0,0
nuser6_byte receive_11_27.png,0,0
nuser7_byte receive_11_27.png,0,0
nuser8_byte receive_11_27.png,0,0
nuser1_appearance_11_27.png,1,0
nuser2_appearance_11_27.png,1,0
nuser3_appearance_11_27.png,1,0
nuser4_appearance_11_27.png,1,0
nuser5_appearance_11_27.png,1,0
nuser6_appearance_11_27.png,1,0
nuser7_appearance_11_27.png,1,0
nuser8_appearance_11_27.png,1,0
nuser1_byte send_11_27.png,2,0
nuser2_byte send_11_27.png,2,0
nuser3_byte send_11_27.png,2,0
nuser4_byte send_11_27.png,2,0
nuser5_byte send_11_27.png,2,0
nuser6_byte send_11_27.png,2,0
nuser7_byte send_11_27.png,2,0
nuser8_byte send_11_27.png,2,0
nuser1_byte receive_11_28.png,0,0
nuser2_byte receive_11_28.png,0,0
nuser3_byte receive_11_28.png,0,0
nuser4_byte receive_11_28.png,0,0
nuser5_byte receive_11_28.png,0,0
nuser6_byte receive_11_28.png,0,0
nuser7_byte receive_11_28.png,0,0
nuser8_byte receive_11_28.png,0,0
nuser1_appearance_11_28.png,1,0
nuser2_appearance_11_28.png,1,0
nuser3_appearance_11_28.png,1,0
nuser4_appearance_11_28.png,1,0
nuser5_appearance_11_28.png,1,0
nuser6_appearance_11_28.png,1,0
nuser7_appearance_11_28.png,1,0
nuser8_appearance_11_28.png,1,0
nuser1_byte send_11_28.png,2,0
nuser2_byte send_11_28.png,2,0
nuser3_byte send_11_28.png,2,0
nuser4_byte send_11_28.png,2,0
nuser5_byte send_11_28.png,2,0
nuser6_byte send_11_28.png,2,0
nuser7_byte send_11_28.png,2,0
nuser8_byte send_11_28.png,2,0
nuser1_byte receive_11_29.png,0,0
nuser2_byte receive_11_29.png,0,0
nuser3_byte receive_11_29.png,0,0
nuser4_byte receive_11_29.png,0,0
nuser5_byte receive_11_29.png,0,0
nuser6_byte receive_11_29.png,0,0
nuser7_byte receive_11_29.png,0,0
nuser8_byte receive_11_29.png,0,0
nuser1_appearance_11_29.png,1,0
nuser2_appearance_11_29.png,1,0
nuser3_appearance_11_29.png,1,0
nuser4_appearance_11_29.png,1,0
nuser5_appearance_11_29.png,1,0
nuser6_appearance_11_29.png,1,0
nuser7_appearance_11_29.png,1,0
nuser8_appearance_11_29.png,1,0
nuser1_byte send_11_29.png,2,0
nuser2_byte send_11_29.png,2,0
nuser3_byte send_11_29.png,2,0
nuser4_byte send_11_29.png,2,0
nuser5_byte send_11_29.png,2,0
nuser6_byte send_11_29.png,2,0
nuser7_byte send_11_29.png,2,0
nuser8_byte send_11_29.png,2,0
user1_byte receive_11_01.png,0,1
user2_byte receive_11_01.png,0,1
user3_byte receive_11_01.png,0,1
user4_byte receive_11_01.png,0,1
user1_appearance_11_01.png,1,1
user2_appearance_11_01.png,1,1
user3_appearance_11_01.png,1,1
user4_appearance_11_01.png,1,1
user1_byte send_11_01.png,2,1
user2_byte send_11_01.png,2,1
user3_byte send_11_01.png,2,1
user4_byte send_11_01.png,2,1
user1_byte receive_11_02.png,0,1
user2_byte receive_11_02.png,0,1
user3_byte receive_11_02.png,0,1
user4_byte receive_11_02.png,0,1
user1_appearance_11_02.png,1,1
user2_appearance_11_02.png,1,1
user3_appearance_11_02.png,1,1
user4_appearance_11_02.png,1,1
user1_byte send_11_02.png,2,1
user2_byte send_11_02.png,2,1
user3_byte send_11_02.png,2,1
user4_byte send_11_02.png,2,1
user1_byte receive_11_03.png,0,1
user2_byte receive_11_03.png,0,1
user3_byte receive_11_03.png,0,1
user4_byte receive_11_03.png,0,1
user1_appearance_11_03.png,1,1
user2_appearance_11_03.png,1,1
user3_appearance_11_03.png,1,1
user4_appearance_11_03.png,1,1
user1_byte send_11_03.png,2,1
user2_byte send_11_03.png,2,1
user3_byte send_11_03.png,2,1
user4_byte send_11_03.png,2,1
user1_byte receive_11_04.png,0,1
user2_byte receive_11_04.png,0,1
user3_byte receive_11_04.png,0,1
user1_appearance_11_04.png,1,1
user2_appearance_11_04.png,1,1
user3_appearance_11_04.png,1,1
user1_byte send_11_04.png,2,1
user2_byte send_11_04.png,2,1
user3_byte send_11_04.png,2,1
user1_byte receive_11_05.png,0,1
user2_byte receive_11_05.png,0,1
user3_byte receive_11_05.png,0,1
user1_appearance_11_05.png,1,1
user2_appearance_11_05.png,1,1
user3_appearance_11_05.png,1,1
user1_byte send_11_05.png,2,1
user2_byte send_11_05.png,2,1
user3_byte send_11_05.png,2,1
user1_byte receive_11_06.png,0,1
user2_byte receive_11_06.png,0,1
user3_byte receive_11_06.png,0,1
user1_appearance_11_06.png,1,1
user2_appearance_11_06.png,1,1
user3_appearance_11_06.png,1,1
user1_byte send_11_06.png,2,1
user2_byte send_11_06.png,2,1
user3_byte send_11_06.png,2,1
user1_byte receive_11_07.png,0,1
user2_byte receive_11_07.png,0,1
user3_byte receive_11_07.png,0,1
user1_appearance_11_07.png,1,1
user2_appearance_11_07.png,1,1
user3_appearance_11_07.png,1,1
user1_byte send_11_07.png,2,1
user2_byte send_11_07.png,2,1
user3_byte send_11_07.png,2,1
user1_byte receive_11_08.png,0,1
user2_byte receive_11_08.png,0,1
user3_byte receive_11_08.png,0,1
user4_byte receive_11_08.png,0,1
user1_appearance_11_08.png,1,1
user2_appearance_11_08.png,1,1
user3_appearance_11_08.png,1,1
user4_appearance_11_08.png,1,1
user1_byte send_11_08.png,2,1
user2_byte send_11_08.png,2,1
user3_byte send_11_08.png,2,1
user4_byte send_11_08.png,2,1
user1_byte receive_11_09.png,0,1
user2_byte receive_11_09.png,0,1
user3_byte receive_11_09.png,0,1
user4_byte receive_11_09.png,0,1
user1_appearance_11_09.png,1,1
user2_appearance_11_09.png,1,1
user3_appearance_11_09.png,1,1
user4_appearance_11_09.png,1,1
user1_byte send_11_09.png,2,1
user2_byte send_11_09.png,2,1
user3_byte send_11_09.png,2,1
user4_byte send_11_09.png,2,1
user1_byte receive_11_10.png,0,1
user2_byte receive_11_10.png,0,1
user3_byte receive_11_10.png,0,1
user4_byte receive_11_10.png,0,1
user1_appearance_11_10.png,1,1
user2_appearance_11_10.png,1,1
user3_appearance_11_10.png,1,1
user4_appearance_11_10.png,1,1
user1_byte send_11_10.png,2,1
user2_byte send_11_10.png,2,1
user3_byte send_11_10.png,2,1
user4_byte send_11_10.png,2,1
user1_byte receive_11_11.png,0,1
user2_byte receive_11_11.png,0,1
user3_byte receive_11_11.png,0,1
user4_byte receive_11_11.png,0,1
user1_appearance_11_11.png,1,1
user2_appearance_11_11.png,1,1
user3_appearance_11_11.png,1,1
user4_appearance_11_11.png,1,1
user1_byte send_11_11.png,2,1
user2_byte send_11_11.png,2,1
user3_byte send_11_11.png,2,1
user4_byte send_11_11.png,2,1
user1_byte receive_11_12.png,0,1
user2_byte receive_11_12.png,0,1
user3_byte receive_11_12.png,0,1
user4_byte receive_11_12.png,0,1
user1_appearance_11_12.png,1,1
user2_appearance_11_12.png,1,1
user3_appearance_11_12.png,1,1
user4_appearance_11_12.png,1,1
user1_byte send_11_12.png,2,1
user2_byte send_11_12.png,2,1
user3_byte send_11_12.png,2,1
user4_byte send_11_12.png,2,1
user1_byte receive_11_13.png,0,1
user2_byte receive_11_13.png,0,1
user3_byte receive_11_13.png,0,1
user4_byte receive_11_13.png,0,1
user1_appearance_11_13.png,1,1
user2_appearance_11_13.png,1,1
user3_appearance_11_13.png,1,1
user4_appearance_11_13.png,1,1
user1_byte send_11_13.png,2,1
user2_byte send_11_13.png,2,1
user3_byte send_11_13.png,2,1
user4_byte send_11_13.png,2,1
user1_byte receive_11_14.png,0,1
user2_byte receive_11_14.png,0,1
user3_byte receive_11_14.png,0,1
user4_byte receive_11_14.png,0,1
user1_appearance_11_14.png,1,1
user2_appearance_11_14.png,1,1
user3_appearance_11_14.png,1,1
user4_appearance_11_14.png,1,1
user1_byte send_11_14.png,2,1
user2_byte send_11_14.png,2,1
user3_byte send_11_14.png,2,1
user4_byte send_11_14.png,2,1
user1_byte receive_11_15.png,0,1
user2_byte receive_11_15.png,0,1
user3_byte receive_11_15.png,0,1
user4_byte receive_11_15.png,0,1
user1_appearance_11_15.png,1,1
user2_appearance_11_15.png,1,1
user3_appearance_11_15.png,1,1
user4_appearance_11_15.png,1,1
user1_byte send_11_15.png,2,1
user2_byte send_11_15.png,2,1
user3_byte send_11_15.png,2,1
user4_byte send_11_15.png,2,1
user1_byte receive_11_16.png,0,1
user2_byte receive_11_16.png,0,1
user3_byte receive_11_16.png,0,1
user4_byte receive_11_16.png,0,1
user1_appearance_11_16.png,1,1
user2_appearance_11_16.png,1,1
user3_appearance_11_16.png,1,1
user4_appearance_11_16.png,1,1
user1_byte send_11_16.png,2,1
user2_byte send_11_16.png,2,1
user3_byte send_11_16.png,2,1
user4_byte send_11_16.png,2,1
user1_byte receive_11_17.png,0,1
user2_byte receive_11_17.png,0,1
user3_byte receive_11_17.png,0,1
user4_byte receive_11_17.png,0,1
user1_appearance_11_17.png,1,1
user2_appearance_11_17.png,1,1
user3_appearance_11_17.png,1,1
user4_appearance_11_17.png,1,1
user1_byte send_11_17.png,2,1
user2_byte send_11_17.png,2,1
user3_byte send_11_17.png,2,1
user4_byte send_11_17.png,2,1
user1_byte receive_11_18.png,0,1
user2_byte receive_11_18.png,0,1
user3_byte receive_11_18.png,0,1
user4_byte receive_11_18.png,0,1
user1_appearance_11_18.png,1,1
user2_appearance_11_18.png,1,1
user3_appearance_11_18.png,1,1
user4_appearance_11_18.png,1,1
user1_byte send_11_18.png,2,1
user2_byte send_11_18.png,2,1
user3_byte send_11_18.png,2,1
user4_byte send_11_18.png,2,1
user1_byte receive_11_19.png,0,1
user2_byte receive_11_19.png,0,1
user3_byte receive_11_19.png,0,1
user4_byte receive_11_19.png,0,1
user1_appearance_11_19.png,1,1
user2_appearance_11_19.png,1,1
user3_appearance_11_19.png,1,1
user4_appearance_11_19.png,1,1
user1_byte send_11_19.png,2,1
user2_byte send_11_19.png,2,1
user3_byte send_11_19.png,2,1
user4_byte send_11_19.png,2,1
user1_byte receive_11_20.png,0,1
user2_byte receive_11_20.png,0,1
user3_byte receive_11_20.png,0,1
user4_byte receive_11_20.png,0,1
user1_appearance_11_20.png,1,1
user2_appearance_11_20.png,1,1
user3_appearance_11_20.png,1,1
user4_appearance_11_20.png,1,1
user1_byte send_11_20.png,2,1
user2_byte send_11_20.png,2,1
user3_byte send_11_20.png,2,1
user4_byte send_11_20.png,2,1
user1_byte receive_11_21.png,0,1
user2_byte receive_11_21.png,0,1
user3_byte receive_11_21.png,0,1
user4_byte receive_11_21.png,0,1
user1_appearance_11_21.png,1,1
user2_appearance_11_21.png,1,1
user3_appearance_11_21.png,1,1
user4_appearance_11_21.png,1,1
user1_byte send_11_21.png,2,1
user2_byte send_11_21.png,2,1
user3_byte send_11_21.png,2,1
user4_byte send_11_21.png,2,1
user1_byte receive_11_22.png,0,1
user2_byte receive_11_22.png,0,1
user3_byte receive_11_22.png,0,1
user4_byte receive_11_22.png,0,1
user1_appearance_11_22.png,1,1
user2_appearance_11_22.png,1,1
user3_appearance_11_22.png,1,1
user4_appearance_11_22.png,1,1
user1_byte send_11_22.png,2,1
user2_byte send_11_22.png,2,1
user3_byte send_11_22.png,2,1
user4_byte send_11_22.png,2,1
user1_byte receive_11_23.png,0,1
user2_byte receive_11_23.png,0,1
user3_byte receive_11_23.png,0,1
user4_byte receive_11_23.png,0,1
user1_appearance_11_23.png,1,1
user2_appearance_11_23.png,1,1
user3_appearance_11_23.png,1,1
user4_appearance_11_23.png,1,1
user1_byte send_11_23.png,2,1
user2_byte send_11_23.png,2,1
user3_byte send_11_23.png,2,1
user4_byte send_11_23.png,2,1
user1_byte receive_11_24.png,0,1
user2_byte receive_11_24.png,0,1
user3_byte receive_11_24.png,0,1
user4_byte receive_11_24.png,0,1
user1_appearance_11_24.png,1,1
user2_appearance_11_24.png,1,1
user3_appearance_11_24.png,1,1
user4_appearance_11_24.png,1,1
user1_byte send_11_24.png,2,1
user2_byte send_11_24.png,2,1
user3_byte send_11_24.png,2,1
user4_byte send_11_24.png,2,1
user1_byte receive_11_25.png,0,1
user2_byte receive_11_25.png,0,1
user3_byte receive_11_25.png,0,1
user4_byte receive_11_25.png,0,1
user1_appearance_11_25.png,1,1
user2_appearance_11_25.png,1,1
user3_appearance_11_25.png,1,1
user4_appearance_11_25.png,1,1
user1_byte send_11_25.png,2,1
user2_byte send_11_25.png,2,1
user3_byte send_11_25.png,2,1
user4_byte send_11_25.png,2,1
user1_byte receive_11_26.png,0,1
user2_byte receive_11_26.png,0,1
user3_byte receive_11_26.png,0,1
user4_byte receive_11_26.png,0,1
user1_appearance_11_26.png,1,1
user2_appearance_11_26.png,1,1
user3_appearance_11_26.png,1,1
user4_appearance_11_26.png,1,1
user1_byte send_11_26.png,2,1
user2_byte send_11_26.png,2,1
user3_byte send_11_26.png,2,1
user4_byte send_11_26.png,2,1
user1_byte receive_11_27.png,0,1
user2_byte receive_11_27.png,0,1
user3_byte receive_11_27.png,0,1
user4_byte receive_11_27.png,0,1
user1_appearance_11_27.png,1,1
user2_appearance_11_27.png,1,1
user3_appearance_11_27.png,1,1
user4_appearance_11_27.png,1,1
user1_byte send_11_27.png,2,1
user2_byte send_11_27.png,2,1
user3_byte send_11_27.png,2,1
user4_byte send_11_27.png,2,1
user1_byte receive_11_28.png,0,1
user2_byte receive_11_28.png,0,1
user3_byte receive_11_28.png,0,1
user4_byte receive_11_28.png,0,1
user1_appearance_11_28.png,1,1
user2_appearance_11_28.png,1,1
user3_appearance_11_28.png,1,1
user4_appearance_11_28.png,1,1
user1_byte send_11_28.png,2,1
user2_byte send_11_28.png,2,1
user3_byte send_11_28.png,2,1
user4_byte send_11_28.png,2,1
user1_byte receive_11_29.png,0,1
user2_byte receive_11_29.png,0,1
user3_byte receive_11_29.png,0,1
user4_byte receive_11_29.png,0,1
user1_appearance_11_29.png,1,1
user2_appearance_11_29.png,1,1
user3_appearance_11_29.png,1,1
user4_appearance_11_29.png,1,1
user1_byte send_11_29.png,2,1
user2_byte send_11_29.png,2,1
user3_byte send_11_29.png,2,1
user4_byte send_11_29.png,2,1
